{
  "h_diag": {
    "0": -1.8176145788848943,
    "1": -1.8474860073976391,
    "2": -1.5023388850801755,
    "3": -1.7393053656967716
  },
  "h_hop": {
    "(0,1)": -0.1618211196573002,
    "(0,2)": -0.12155172736048446,
    "(0,3)": -0.3141976876066741,
    "(1,2)": -0.28303557772407884,
    "(1,3)": 0.17539746307265985,
    "(2,3)": 0.10290834899216958
  },
  "g_full": {
    "(0,0,0,0)": 0.4532337270014382,
    "(0,0,0,1)": 0.04578576246498874,
    "(0,0,0,2)": 0.0451728269436899,
    "(0,0,0,3)": 0.10568872963322339,
    "(0,0,1,1)": 0.4444237281529757,
    "(0,0,1,2)": 0.10410121093766771,
    "(0,0,1,3)": -0.027839339733774494,
    "(0,0,2,2)": 0.42790048407810644,
    "(0,0,2,3)": -0.015637324325667012,
    "(0,0,3,3)": 0.49717700966378264,
    "(0,1,0,1)": 0.0419918722270887,
    "(0,1,0,2)": 0.02201340356373752,
    "(0,1,0,3)": 0.053687289795114446,
    "(0,1,1,1)": 0.04773900645982353,
    "(0,1,1,2)": 0.0623946198050665,
    "(0,1,1,3)": -0.020385907611020257,
    "(0,1,2,2)": 0.05498764415766794,
    "(0,1,2,3)": 0.0005421903507266365,
    "(0,1,3,3)": 0.06751776190942671,
    "(0,2,0,2)": 0.03563840554680333,
    "(0,2,0,3)": 0.04772343532052042,
    "(0,2,1,1)": 0.059069365139664674,
    "(0,2,1,2)": 0.050933952639263945,
    "(0,2,1,3)": -0.0072118117368016035,
    "(0,2,2,2)": 0.04844901105184057,
    "(0,2,2,3)": -0.010631641205768646,
    "(0,2,3,3)": 0.06814743530526624,
    "(0,3,0,3)": 0.1322744280104613,
    "(0,3,1,1)": 0.10596241788228908,
    "(0,3,1,2)": 0.11695176053912171,
    "(0,3,1,3)": -0.04327289911624867,
    "(0,3,2,2)": 0.09955526710013876,
    "(0,3,2,3)": -0.020305225308963688,
    "(0,3,3,3)": 0.18151432656181107,
    "(1,1,1,1)": 0.48982481266629496,
    "(1,1,1,2)": 0.11447967509511826,
    "(1,1,1,3)": -0.03952825955297728,
    "(1,1,2,2)": 0.46035625000169106,
    "(1,1,2,3)": -0.03587674025796281,
    "(1,1,3,3)": 0.5027596605028124,
    "(1,2,1,2)": 0.1498892171751086,
    "(1,2,1,3)": -0.05015329603384934,
    "(1,2,2,2)": 0.11051129238003009,
    "(1,2,2,3)": -0.023975375649453384,
    "(1,2,3,3)": 0.17457580096072314,
    "(1,3,1,3)": 0.035003125971505955,
    "(1,3,2,2)": -0.039457932344460815,
    "(1,3,2,3)": 0.015444034158226268,
    "(1,3,3,3)": -0.06372650062066018,
    "(2,2,2,2)": 0.4595151074276947,
    "(2,2,2,3)": -0.02417496885713538,
    "(2,2,3,3)": 0.48635870705058176,
    "(2,3,2,3)": 0.022268263834009625,
    "(2,3,3,3)": -0.04063382959409977,
    "(3,3,3,3)": 0.6157120870997755
  },
  "ecore_Ha": -2052.4691245377044,
  "exact_fci_energy_Ha": -2057.3021844193304,
  "circuit_reference_energy_Ha": -2057.3021844193304,
  "active_space_corr_energy_Ha": -0.10231518438376952,
  "metadata": {
    "dt_ref_Ha_inv": 0.04,
    "screening_threshold": 1e-08,
    "symmetry": "8-fold real",
    "ncas": 4,
    "nelec": 4,
    "spin_sector": "S=0"
  }
}