{
  "h_diag": {
    "0": -0.9053297367373682,
    "1": -0.9010970052979279,
    "2": -1.011470374452505,
    "3": -1.0045918910691392
  },
  "h_hop": {
    "(0,1)": 1.881561538878782e-12,
    "(0,2)": -2.203142889944699e-09,
    "(0,3)": -2.8071543768499786e-09,
    "(1,2)": 1.927192094277627e-09,
    "(1,3)": 2.0342343276438984e-09,
    "(2,3)": -3.660887393813414e-07
  },
  "g_full": {
    "(0,0,0,0)": 0.2850825387779048,
    "(0,0,1,1)": 0.2862510113823762,
    "(0,0,2,2)": 0.19132122797909207,
    "(0,0,3,3)": 0.1911616417366143,
    "(0,1,0,1)": 0.17207229735047086,
    "(0,2,0,2)": 0.0004528915576435917,
    "(0,3,0,3)": 0.00023041691912233632,
    "(1,1,1,1)": 0.28754526103260136,
    "(1,1,2,2)": 0.19410169705935076,
    "(1,1,3,3)": 0.19401905876292694,
    "(1,2,1,2)": 0.0003855810504199553,
    "(1,3,1,3)": 0.00029885846663853884,
    "(2,2,2,2)": 0.5090965571521195,
    "(2,2,2,3)": -1.1886676570663224e-05,
    "(2,2,3,3)": 0.5143995441263591,
    "(2,3,2,3)": 0.3244424165917277,
    "(2,3,3,3)": 1.1394082836665986e-05,
    "(3,3,3,3)": 0.5198709269201158
  },
  "ecore_Ha": -3316.922826263233,
  "rohf_energy_Ha": -3319.6719435516825,
  "exact_fci_energy_Ha": -3319.6719435516793,
  "circuit_reference_energy_Ha": -3319.6719435516793,
  "active_space_corr_energy_Ha": 3.183231456205249e-12,
  "active_space_corr_label": "E_CASCI - E_ROHF",
  "mqe_step": {
    "step_n": 5,
    "nu_n": 2,
    "A_n": [
      1
    ],
    "P_n": [
      2
    ],
    "B_n": [
      3
    ],
    "A_n_eject": [],
    "P_n_eject": [],
    "B_n_decouple": [],
    "nu_decouple_n": 0,
    "Gamma_n_abs": [],
    "Gamma_n_emit": [],
    "phi_photon_n": 0.0,
    "is_crossing": false,
    "delta_CI_Ha": null,
    "crossing_orbitals": null,
    "geometry_label": "Fe2S2 E5: Fe-S=2.330 Ang",
    "bondlength_angstrom": 2.3299999999999996,
    "cumulative_electrons": 6,
    "phase_index_k": 0,
    "cumulative_net_electrons": 6,
    "cumulative_photons_absorbed": 0,
    "cumulative_photons_emitted": 0,
    "cumulative_net_photons": 0,
    "mechanism": "nitrogenase_lt",
    "M_total": 8,
    "m_modulus": 4,
    "phase_closure_check": "k^(5) = 0  (mod 4) | photons: 0"
  },
  "metadata": {
    "mol_name": "nitrogenase_lt_step5",
    "basis": {
      "Fe": "def2-TZVP",
      "S": "def2-TZVP"
    },
    "bondlength_angstrom": 2.3299999999999996,
    "coord_unit_pyscf": "Angstrom",
    "geometry_source": "mqe_analytical",
    "geometry_optimized": false,
    "integral_convention": "chemist (pq|rs)",
    "eri_symmetry": "8-fold real",
    "screening_threshold": 1e-08,
    "dt_ref_Ha_inv": 0.04,
    "scf_method": "ROHF",
    "ref_method": "FCI",
    "ncas": 4,
    "nao_total": 164,
    "nelec_active": 4,
    "nalpha": 2,
    "nbeta": 2,
    "spin_2S": 4,
    "spin_sector": "S=2",
    "fermion_mapping": "Native_d4_Tetralemmatic",
    "photon_absorbed": false,
    "photon_emitted": false,
    "phi_photon_n": 0.0,
    "photon_energy_Ha": 0.0,
    "photon_energy_eV": 0.0,
    "cumulative_net_photons": 0,
    "photo_charge_delta": 0,
    "mqe_mechanism": "nitrogenase_lt",
    "mqe_M_steps": 8,
    "mqe_m_modulus": 4,
    "mqe_S_target": 1.5,
    "mqe_step_index": 5,
    "mqe_phase_closure_satisfied": null,
    "mqe_expected_electrons": 8,
    "noons_active": [
      1.0,
      1.0000000000000002,
      1.0,
      1.0000000000000002
    ],
    "mo_energies_rohf": [
      -261.2300627191674,
      -261.23005883680406,
      -91.92879919326256,
      -91.9287988820887,
      -31.768338494418156,
      -31.76833093250363,
      -27.256902491476062,
      -27.256896114021576,
      -27.255480866287847,
      -27.255477795895924,
      -27.241637121600824,
      -27.24163065687278,
      -8.930621533486915,
      -8.93062058900427,
      -6.611328066015873,
      -6.611327505515196,
      -6.609803232084281,
      -6.609800744563015,
      -6.609692032943769,
      -6.609692007345941,
      -4.002879989003438,
      -4.002586861227345,
      -2.597551110766692,
      -2.5951993031733767,
      -2.595024314461911,
      -2.594410808302187,
      -2.5838433358390507,
      -2.5836393217838958,
      -0.8427166648772607,
      -0.8394116894363413,
      -0.45657673156876244,
      -0.43719616690897795,
      -0.4148475993611546,
      -0.4060704012425231,
      -0.39672803514576005,
      -0.3910961576248011,
      -0.38639007697025074,
      -0.35989085424664813,
      -0.3532517710752618,
      -0.3379080839261227,
      -0.18043273313990993,
      -0.16933142683422603,
      -0.019742910415815034,
      -0.007572918153828941,
      0.03346998440800484,
      0.042056034137295945,
      0.17703812581488185,
      0.17832140126956292,
      0.18494893763953446,
      0.18498784958868547,
      0.19448586646533805,
      0.22924727367337663,
      0.24138936337773254,
      0.29241828246596296,
      0.2966946242578347,
      0.29895255336383186,
      0.3024006509138453,
      0.30860353187094314,
      0.31704621765185265,
      0.3345134941466022,
      0.3352447052468532,
      0.3836055145474825,
      0.3908727498930534,
      0.4029897409529248,
      0.407145072417979,
      0.46102282784839765,
      0.4644773000175132,
      0.4733347919685608,
      0.4932989754276454,
      0.5074276024052135,
      0.5517551370287563,
      0.5854232341563623,
      0.6055144014227111,
      0.608446703570474,
      0.6219083188817827,
      0.6271064048661706,
      0.6571240467473416,
      0.6574213256993368,
      0.6766862258392479,
      0.7482793193302051,
      0.818517494825463,
      0.8278319646203377,
      0.9808657255406256,
      0.9869772732945843,
      1.0594391381953707,
      1.0755831330844627,
      1.1366658939187404,
      1.139361646495214,
      1.200854267483198,
      1.239536205920065,
      1.244147367414274,
      1.3083614229901173,
      1.3417681359770128,
      1.394949644951545,
      1.8157431418334298,
      1.8334446415443233,
      1.8484592741166381,
      1.848959441678208,
      1.858351064726953,
      1.8640398954196644,
      1.9125206795535137,
      1.9151544077749525,
      1.921841599650061,
      1.9319650226790017,
      1.9703816995847832,
      1.971316776765267,
      1.9747695777583858,
      1.9802724144958312,
      1.9870044162491993,
      1.9890239266621785,
      1.9975089500108614,
      2.00953196956264,
      2.019890501894392,
      2.0356430608927387,
      2.0564159982794017,
      2.084711269252996,
      2.097277927269356,
      2.16310565342293,
      2.1670695255900054,
      2.17287849372387,
      2.1840765021382356,
      2.212185677254741,
      2.2334192839069993,
      2.248944368161527,
      2.262907239687264,
      2.279067152600472,
      2.3329975718931735,
      2.354962776003884,
      2.428569804147731,
      2.4668424804974016,
      3.21772882428626,
      3.567780308338852,
      4.003432488882536,
      4.06051099621671,
      4.063728420595801,
      4.082098352244851,
      4.096582724630915,
      4.122795855195095,
      4.148591639988771,
      4.210550512221198,
      4.218007958600037,
      4.252514530419274,
      4.574345172380519,
      4.574692373884475,
      4.597700651272184,
      4.601255756487739,
      4.602017318130748,
      4.60287697567242,
      4.605255692652443,
      4.616685283625781,
      4.61684603063287,
      4.626141810563023,
      4.633387034434623,
      4.6341673912634995,
      4.651140387188001,
      4.661945125039083,
      9.540724895990875,
      9.560501085076957,
      9.611537045184566,
      9.61337708433187,
      9.630647523905733,
      9.666280903098148,
      18.94879307476819,
      19.004630210115934
    ],
    "n_core": 40,
    "ncas_occ_base": 40
  }
}