{
  "h_diag": {
    "0": -0.9193193305949361,
    "1": -0.9144368810397909,
    "2": -1.0173136156993303,
    "3": -1.0105896636722227
  },
  "h_hop": {
    "(0,1)": 5.030089158760637e-12,
    "(0,2)": -4.844627287237043e-09,
    "(0,3)": 5.925983474317805e-09,
    "(1,2)": 5.017383036181758e-09,
    "(1,3)": -5.58179467255096e-09,
    "(2,3)": -1.0363748572956085e-06
  },
  "g_full": {
    "(0,0,0,0)": 0.28601363529950485,
    "(0,0,1,1)": 0.28727718113925915,
    "(0,0,2,2)": 0.19598954387471731,
    "(0,0,3,3)": 0.19584951834621406,
    "(0,1,0,1)": 0.16914600261020088,
    "(0,2,0,2)": 0.0005547864499778646,
    "(0,2,0,3)": 3.559093154234202e-08,
    "(0,3,0,3)": 0.0002885836633782587,
    "(1,1,1,1)": 0.2887181703493591,
    "(1,1,2,2)": 0.1994528230135479,
    "(1,1,2,3)": -1.385668866836498e-07,
    "(1,1,3,3)": 0.1994109682731671,
    "(1,2,1,2)": 0.0004705178598904293,
    "(1,3,1,3)": 0.00037183880277327135,
    "(2,2,2,2)": 0.5077085299561077,
    "(2,2,2,3)": -5.709297041431305e-05,
    "(2,2,3,3)": 0.5132723125812746,
    "(2,3,2,3)": 0.3233861322793268,
    "(2,3,3,3)": 5.18131099319849e-05,
    "(3,3,3,3)": 0.5190157249094005
  },
  "ecore_Ha": -3316.915338683253,
  "rohf_energy_Ha": -3319.679963688701,
  "exact_fci_energy_Ha": -3319.6799636886967,
  "circuit_reference_energy_Ha": -3319.6799636886967,
  "active_space_corr_energy_Ha": 4.547473508864641e-12,
  "active_space_corr_label": "E_CASCI - E_ROHF",
  "mqe_step": {
    "step_n": 0,
    "nu_n": 2,
    "A_n": [
      0
    ],
    "P_n": [
      1
    ],
    "B_n": [
      2
    ],
    "A_n_eject": [],
    "P_n_eject": [],
    "B_n_decouple": [],
    "nu_decouple_n": 0,
    "Gamma_n_abs": [],
    "Gamma_n_emit": [],
    "phi_photon_n": 0.0,
    "is_crossing": false,
    "delta_CI_Ha": null,
    "crossing_orbitals": null,
    "geometry_label": "Fe2S2 E0: Fe-S=2.260 Ang",
    "bondlength_angstrom": 2.26,
    "cumulative_electrons": 1,
    "phase_index_k": 2,
    "cumulative_net_electrons": 1,
    "cumulative_photons_absorbed": 0,
    "cumulative_photons_emitted": 0,
    "cumulative_net_photons": 0,
    "mechanism": "nitrogenase_lt",
    "M_total": 8,
    "m_modulus": 4,
    "phase_closure_check": "k^(0) = 2  (mod 4) | photons: 0"
  },
  "metadata": {
    "mol_name": "nitrogenase_lt_step0",
    "basis": {
      "Fe": "def2-TZVP",
      "S": "def2-TZVP"
    },
    "bondlength_angstrom": 2.26,
    "coord_unit_pyscf": "Angstrom",
    "geometry_source": "mqe_analytical",
    "geometry_optimized": false,
    "integral_convention": "chemist (pq|rs)",
    "eri_symmetry": "8-fold real",
    "screening_threshold": 1e-08,
    "dt_ref_Ha_inv": 0.04,
    "scf_method": "ROHF",
    "ref_method": "FCI",
    "ncas": 4,
    "nao_total": 164,
    "nelec_active": 4,
    "nalpha": 2,
    "nbeta": 2,
    "spin_2S": 4,
    "spin_sector": "S=2",
    "fermion_mapping": "Native_d4_Tetralemmatic",
    "photon_absorbed": false,
    "photon_emitted": false,
    "phi_photon_n": 0.0,
    "photon_energy_Ha": 0.0,
    "photon_energy_eV": 0.0,
    "cumulative_net_photons": 0,
    "photo_charge_delta": 0,
    "mqe_mechanism": "nitrogenase_lt",
    "mqe_M_steps": 8,
    "mqe_m_modulus": 4,
    "mqe_S_target": 1.5,
    "mqe_step_index": 0,
    "mqe_phase_closure_satisfied": null,
    "mqe_expected_electrons": 8,
    "noons_active": [
      1.0000000000000002,
      1.0000000000000002,
      1.0000000000000002,
      1.0000000000000002
    ],
    "mo_energies_rohf": [
      -261.226833207124,
      -261.2268276325502,
      -91.92872614052139,
      -91.92872570825607,
      -31.765736639759755,
      -31.765727645801647,
      -27.254148161250086,
      -27.254139843755166,
      -27.252716637358322,
      -27.252712610297678,
      -27.23906220078885,
      -27.23905436741519,
      -8.930912252428492,
      -8.930911152263093,
      -6.611644240911734,
      -6.6116435593931095,
      -6.61012374093425,
      -6.610120679202966,
      -6.610029770991002,
      -6.610029720250173,
      -4.000013701107873,
      -3.9997190390302335,
      -2.594365449202409,
      -2.592271985921528,
      -2.592068402770225,
      -2.5912215243236147,
      -2.580781441783827,
      -2.5805795862786156,
      -0.846148213185374,
      -0.8421355061461516,
      -0.45354448857591095,
      -0.43823990409420904,
      -0.41200346409687727,
      -0.4033541966266852,
      -0.3951071484935373,
      -0.39278288523925786,
      -0.3828190729562096,
      -0.362804090760098,
      -0.3562251807961207,
      -0.3370788247459023,
      -0.18219170715905122,
      -0.16893186999744703,
      -0.016958021404623165,
      -0.004579932123477213,
      0.03585010874937809,
      0.04576177517729481,
      0.17863419683544368,
      0.18600491748100748,
      0.1861895790261517,
      0.19035072378476128,
      0.1965933244640135,
      0.231727724966317,
      0.2481055278579503,
      0.29345229679738655,
      0.2966325454563306,
      0.2999515311038971,
      0.3037637619960394,
      0.31522475629731395,
      0.3226610666045679,
      0.33340835027562454,
      0.33826625306655034,
      0.3846173975964625,
      0.39107582158721615,
      0.4060943099675282,
      0.4067947581942656,
      0.4577809362795296,
      0.46246508861508023,
      0.47220722425854383,
      0.4943971404199523,
      0.5177914914606632,
      0.5570816229042492,
      0.587758903948636,
      0.6075414609150125,
      0.6127166932171264,
      0.6193094618499222,
      0.6337086034597386,
      0.6598285646697547,
      0.6669071711067551,
      0.6733749205780712,
      0.7556960308794345,
      0.8329761467225447,
      0.8424944653649142,
      1.0008514074809358,
      1.0009661097351943,
      1.0633801294450917,
      1.078532222311465,
      1.139695758900278,
      1.143314707300018,
      1.2040946241433303,
      1.2446537289532904,
      1.2606216990577404,
      1.3400563329132282,
      1.358814533833236,
      1.3955577518062512,
      1.8172824250117354,
      1.833955170336799,
      1.850659844080857,
      1.8548723872839865,
      1.8615479543156268,
      1.8631635658673282,
      1.9103448117336714,
      1.9167625319996933,
      1.9259819450814732,
      1.9323630588025853,
      1.969924802686313,
      1.9700472208625337,
      1.9737934783174516,
      1.9862497294722274,
      1.990684651072596,
      2.000107370717122,
      2.0002528825140895,
      2.0178618134506703,
      2.030470288362334,
      2.035760670472629,
      2.049662771199931,
      2.094662706895203,
      2.095665567655622,
      2.1650468475323463,
      2.16728385054035,
      2.1693797947549847,
      2.181437062642519,
      2.22928785372082,
      2.2355823343660997,
      2.2742228964200635,
      2.294459223241965,
      2.329435312105808,
      2.36202491127922,
      2.377934823677913,
      2.436974475571634,
      2.4447574123589275,
      3.224034495825027,
      3.5905324661089963,
      4.009857419861527,
      4.068542895270399,
      4.073465924951821,
      4.086787423062205,
      4.104404062304205,
      4.125354069706303,
      4.152714790960097,
      4.227613200563489,
      4.228904342885118,
      4.26075409276285,
      4.5780525571267905,
      4.578683114236325,
      4.602578400588357,
      4.605468532891032,
      4.605829315393785,
      4.606861586077642,
      4.610333670657025,
      4.6208360014490975,
      4.620860643616676,
      4.638108102523044,
      4.6442691277104355,
      4.647593476601535,
      4.666272205188545,
      4.666854797982157,
      9.539958851173871,
      9.562214908327329,
      9.618950711794799,
      9.619038259097646,
      9.640463508474522,
      9.691918687568112,
      18.98970800387235,
      19.062070839344518
    ],
    "n_core": 40,
    "ncas_occ_base": 40
  }
}