{
  "h_diag": {
    "0": -0.9164709641307971,
    "1": -0.9117256113975252,
    "2": -1.0160478471104126,
    "3": -1.009293897227569
  },
  "h_hop": {
    "(0,1)": 3.692534868226627e-12,
    "(0,2)": -3.851306651280001e-09,
    "(0,3)": 4.853402421206641e-09,
    "(1,2)": 3.968784496635853e-09,
    "(1,3)": -4.278648757141978e-09,
    "(2,3)": -3.043968074347e-07
  },
  "g_full": {
    "(0,0,0,0)": 0.28583366277510924,
    "(0,0,1,1)": 0.28707756736909795,
    "(0,0,2,2)": 0.19503006630736408,
    "(0,0,3,3)": 0.19488645059845366,
    "(0,1,0,1)": 0.16976431104383838,
    "(0,2,0,2)": 0.0005326391776748318,
    "(0,3,0,3)": 0.00027579678242804306,
    "(1,1,1,1)": 0.28848714506002093,
    "(1,1,2,2)": 0.19834743229716262,
    "(1,1,2,3)": 1.2796504158391064e-08,
    "(1,1,3,3)": 0.19829746060799291,
    "(1,2,1,2)": 0.0004521060121249869,
    "(1,3,1,3)": 0.00035597043826955844,
    "(2,2,2,2)": 0.5079876389436127,
    "(2,2,2,3)": -8.330680398391244e-06,
    "(2,2,3,3)": 0.5135020424586603,
    "(2,3,2,3)": 0.32360202810329713,
    "(2,3,3,3)": 8.233963237146147e-06,
    "(3,3,3,3)": 0.5191937862816927
  },
  "ecore_Ha": -3316.9170724425476,
  "rohf_energy_Ha": -3319.6784525943317,
  "exact_fci_energy_Ha": -3319.6784525943326,
  "circuit_reference_energy_Ha": -3319.6784525943326,
  "active_space_corr_energy_Ha": -4.547473508864641e-13,
  "active_space_corr_label": "E_CASCI - E_ROHF",
  "mqe_step": {
    "step_n": 1,
    "nu_n": 2,
    "A_n": [
      1
    ],
    "P_n": [
      2
    ],
    "B_n": [
      3
    ],
    "A_n_eject": [],
    "P_n_eject": [],
    "B_n_decouple": [],
    "nu_decouple_n": 0,
    "Gamma_n_abs": [],
    "Gamma_n_emit": [],
    "phi_photon_n": 0.0,
    "is_crossing": false,
    "delta_CI_Ha": null,
    "crossing_orbitals": null,
    "geometry_label": "Fe2S2 E1: Fe-S=2.274 Ang",
    "bondlength_angstrom": 2.2739999999999996,
    "cumulative_electrons": 2,
    "phase_index_k": 0,
    "cumulative_net_electrons": 2,
    "cumulative_photons_absorbed": 0,
    "cumulative_photons_emitted": 0,
    "cumulative_net_photons": 0,
    "mechanism": "nitrogenase_lt",
    "M_total": 8,
    "m_modulus": 4,
    "phase_closure_check": "k^(1) = 0  (mod 4) | photons: 0"
  },
  "metadata": {
    "mol_name": "nitrogenase_lt_step1",
    "basis": {
      "Fe": "def2-TZVP",
      "S": "def2-TZVP"
    },
    "bondlength_angstrom": 2.2739999999999996,
    "coord_unit_pyscf": "Angstrom",
    "geometry_source": "mqe_analytical",
    "geometry_optimized": false,
    "integral_convention": "chemist (pq|rs)",
    "eri_symmetry": "8-fold real",
    "screening_threshold": 1e-08,
    "dt_ref_Ha_inv": 0.04,
    "scf_method": "ROHF",
    "ref_method": "FCI",
    "ncas": 4,
    "nao_total": 164,
    "nelec_active": 4,
    "nalpha": 2,
    "nbeta": 2,
    "spin_2S": 4,
    "spin_sector": "S=2",
    "fermion_mapping": "Native_d4_Tetralemmatic",
    "photon_absorbed": false,
    "photon_emitted": false,
    "phi_photon_n": 0.0,
    "photon_energy_Ha": 0.0,
    "photon_energy_eV": 0.0,
    "cumulative_net_photons": 0,
    "photo_charge_delta": 0,
    "mqe_mechanism": "nitrogenase_lt",
    "mqe_M_steps": 8,
    "mqe_m_modulus": 4,
    "mqe_S_target": 1.5,
    "mqe_step_index": 1,
    "mqe_phase_closure_satisfied": null,
    "mqe_expected_electrons": 8,
    "noons_active": [
      1.0000000000000002,
      1.0,
      1.0,
      1.0
    ],
    "mo_energies_rohf": [
      -261.22744065617917,
      -261.22743661014624,
      -91.92876346403395,
      -91.92876305026212,
      -31.766212462047985,
      -31.766204632620706,
      -27.254655903455795,
      -27.25464966796362,
      -27.25322556982722,
      -27.253222640572947,
      -27.239532912624767,
      -27.239526383890322,
      -8.930872441399448,
      -8.930871375118034,
      -6.611599527699866,
      -6.611598871746459,
      -6.610077598717777,
      -6.61007464501647,
      -6.609980413254154,
      -6.609980367345779,
      -4.000544220696186,
      -4.000249917735228,
      -2.5949618398848653,
      -2.5928136854769392,
      -2.592616241406674,
      -2.591818934092453,
      -2.581353928964807,
      -2.5811515680931274,
      -0.8454482540127903,
      -0.841588461144953,
      -0.45408724946957574,
      -0.43794950633954954,
      -0.412524716204804,
      -0.4038477387600719,
      -0.3943350739175901,
      -0.393543396506718,
      -0.3835030482406333,
      -0.3622397128116441,
      -0.35562283860158006,
      -0.33727487059909983,
      -0.181846875190154,
      -0.16904636196806624,
      -0.017473345789858697,
      -0.005139413140447048,
      0.03540904650354929,
      0.04502641481747877,
      0.1785844395647581,
      0.18444531889433538,
      0.1858142756165756,
      0.18926794205842304,
      0.1962287037793807,
      0.23123150135531398,
      0.24662366481978087,
      0.2932586330702902,
      0.2966435945472416,
      0.2997688793777436,
      0.30349735074845524,
      0.3140134295108319,
      0.321550002856763,
      0.33364165115331146,
      0.33767725241962526,
      0.38439554440053725,
      0.39103783265354675,
      0.4055278977647033,
      0.40689658430131775,
      0.45838894417512405,
      0.4628823950227831,
      0.4724221128261429,
      0.494082551228761,
      0.5156611412308862,
      0.5559806220619166,
      0.5871649030328427,
      0.607106231043023,
      0.6118040419688675,
      0.619811015903283,
      0.6323599530429036,
      0.6593045753187328,
      0.6649409670781388,
      0.674061109294591,
      0.7543464186280708,
      0.8301316160907038,
      0.8394711050324088,
      0.9967315272526699,
      0.9981370912369197,
      1.0625518276259727,
      1.0779055761394576,
      1.13958170528392,
      1.1418830134672853,
      1.2034650579760289,
      1.2436369356637942,
      1.2573366885749397,
      1.3335838081559999,
      1.355222758404583,
      1.3955238257164275,
      1.8169568332907333,
      1.8338444305649082,
      1.850307969910735,
      1.8535984238958643,
      1.8608848482416884,
      1.86339739403617,
      1.9113639706166137,
      1.9158998400873444,
      1.925134078290755,
      1.9322626982593512,
      1.9700848642664062,
      1.9702685429874442,
      1.9739756600512581,
      1.984890526845789,
      1.9898038794783075,
      1.9976323451935671,
      1.9995688226368553,
      2.0161728043394858,
      2.0281718012207945,
      2.0401215055846014,
      2.047444492103352,
      2.0918631991964767,
      2.0960671653756293,
      2.164591583342881,
      2.1686633271307123,
      2.168928195413336,
      2.1823743279361922,
      2.226203427901668,
      2.2353021529996426,
      2.271653766951399,
      2.288561379553819,
      2.3155297252299043,
      2.3598009470250085,
      2.3711266248378045,
      2.4396582778025384,
      2.4436493408065383,
      3.2230719203544265,
      3.5864423512490315,
      4.008566196514387,
      4.066927225453122,
      4.0715638988453575,
      4.085874331607085,
      4.10289038352124,
      4.124900873295987,
      4.151940748323046,
      4.224670258209458,
      4.22714452346174,
      4.259526368891429,
      4.577342419343678,
      4.577918740470895,
      4.601652890706899,
      4.604631944330535,
      4.605107897471491,
      4.6060862329563665,
      4.609313827948032,
      4.620041352695615,
      4.620058520914643,
      4.635487708795831,
      4.641948083227977,
      4.644686679209632,
      4.663106843322905,
      4.6658236597589084,
      9.540099478738892,
      9.561830706113913,
      9.617362972384353,
      9.617750953379243,
      9.638386872112342,
      9.686634452402576,
      18.981347910938638,
      19.051140951675137
    ],
    "n_core": 40,
    "ncas_occ_base": 40
  }
}