{
  "h_diag": {
    "0": -0.9080784863499924,
    "1": -0.9037225930490699,
    "2": -1.012545299794751,
    "3": -1.0056976259649182
  },
  "h_hop": {
    "(0,1)": 2.0470623465687507e-12,
    "(0,2)": -2.5154048996953077e-09,
    "(0,3)": 3.194234600655424e-09,
    "(1,2)": 2.2945719031690043e-09,
    "(1,3)": -2.4205713297572067e-09,
    "(2,3)": -4.673837912210378e-07
  },
  "g_full": {
    "(0,0,0,0)": 0.28527444051503087,
    "(0,0,1,1)": 0.28646143157560766,
    "(0,0,2,2)": 0.19223022427070924,
    "(0,0,3,3)": 0.19207443076800818,
    "(0,1,0,1)": 0.17151884190175937,
    "(0,2,0,2)": 0.000471567488346102,
    "(0,3,0,3)": 0.00024096045724144474,
    "(1,1,1,1)": 0.2877831828692863,
    "(1,1,2,2)": 0.19513790893410732,
    "(1,1,2,3)": 1.3949426610343485e-08,
    "(1,1,3,3)": 0.19506295286689837,
    "(1,2,1,2)": 0.00040120339819109635,
    "(1,3,1,3)": 0.000312215219763023,
    "(2,2,2,2)": 0.5088247211778323,
    "(2,2,2,3)": -1.3925969009898065e-05,
    "(2,2,3,3)": 0.514178591479602,
    "(2,3,2,3)": 0.32423628953832473,
    "(2,3,3,3)": 1.3588665214177287e-05,
    "(3,3,3,3)": 0.5197028967944952
  },
  "ecore_Ha": -3316.9215568262416,
  "rohf_energy_Ha": -3319.673636369509,
  "exact_fci_energy_Ha": -3319.673636369509,
  "circuit_reference_energy_Ha": -3319.673636369509,
  "active_space_corr_energy_Ha": 0.0,
  "active_space_corr_label": "E_CASCI - E_ROHF",
  "mqe_step": {
    "step_n": 4,
    "nu_n": 2,
    "A_n": [
      0
    ],
    "P_n": [
      1
    ],
    "B_n": [
      2
    ],
    "A_n_eject": [],
    "P_n_eject": [],
    "B_n_decouple": [],
    "nu_decouple_n": 0,
    "Gamma_n_abs": [],
    "Gamma_n_emit": [],
    "phi_photon_n": 0.0,
    "is_crossing": true,
    "delta_CI_Ha": 0.0016,
    "crossing_orbitals": [
      0,
      1
    ],
    "geometry_label": "Fe2S2 E4: Fe-S=2.316 Ang",
    "bondlength_angstrom": 2.316,
    "cumulative_electrons": 5,
    "phase_index_k": 2,
    "cumulative_net_electrons": 5,
    "cumulative_photons_absorbed": 0,
    "cumulative_photons_emitted": 0,
    "cumulative_net_photons": 0,
    "mechanism": "nitrogenase_lt",
    "M_total": 8,
    "m_modulus": 4,
    "phase_closure_check": "k^(4) = 2  (mod 4) | photons: 0"
  },
  "metadata": {
    "mol_name": "nitrogenase_lt_step4",
    "basis": {
      "Fe": "def2-TZVP",
      "S": "def2-TZVP"
    },
    "bondlength_angstrom": 2.316,
    "coord_unit_pyscf": "Angstrom",
    "geometry_source": "mqe_analytical",
    "geometry_optimized": false,
    "integral_convention": "chemist (pq|rs)",
    "eri_symmetry": "8-fold real",
    "screening_threshold": 1e-08,
    "dt_ref_Ha_inv": 0.04,
    "scf_method": "ROHF",
    "ref_method": "FCI",
    "ncas": 4,
    "nao_total": 164,
    "nelec_active": 4,
    "nalpha": 2,
    "nbeta": 2,
    "spin_2S": 4,
    "spin_sector": "S=2",
    "fermion_mapping": "Native_d4_Tetralemmatic",
    "photon_absorbed": false,
    "photon_emitted": false,
    "phi_photon_n": 0.0,
    "photon_energy_Ha": 0.0,
    "photon_energy_eV": 0.0,
    "cumulative_net_photons": 0,
    "photo_charge_delta": 0,
    "mqe_mechanism": "nitrogenase_lt",
    "mqe_M_steps": 8,
    "mqe_m_modulus": 4,
    "mqe_S_target": 1.5,
    "mqe_step_index": 4,
    "mqe_phase_closure_satisfied": null,
    "mqe_expected_electrons": 8,
    "noons_active": [
      0.9999999999999998,
      0.9999999999999998,
      0.9999999999999999,
      0.9999999999999998
    ],
    "mo_energies_rohf": [
      -261.2293816487438,
      -261.22937758260804,
      -91.92880739278642,
      -91.92880705200871,
      -31.767776696279906,
      -31.767769014612533,
      -27.256311667731065,
      -27.2563052583096,
      -27.25488767249357,
      -27.254884496780395,
      -27.241080925505557,
      -27.2410743807532,
      -8.930698126472025,
      -8.930697153443619,
      -6.611409927307944,
      -6.61140934400665,
      -6.6098854196053205,
      -6.609882812188027,
      -6.609777897259912,
      -6.609777866551817,
      -4.002266203020609,
      -4.001972808381846,
      -2.5968751450061736,
      -2.594572552128103,
      -2.5943922461488533,
      -2.59373439430382,
      -2.5831931708780242,
      -2.5829895103849614,
      -0.8433900168593897,
      -0.8399544323830418,
      -0.45591107911160744,
      -0.43732356805867373,
      -0.4142325103797774,
      -0.40548057742910976,
      -0.39591290230270604,
      -0.3919257371515723,
      -0.3856459947672451,
      -0.3604915588205886,
      -0.3538390979669695,
      -0.33777401652563654,
      -0.18079136969900642,
      -0.16928546450400772,
      -0.019146276080135447,
      -0.006936914591178515,
      0.033981360876350904,
      0.042802168734609666,
      0.1783969442743812,
      0.17894525248010384,
      0.1851804217281613,
      0.18605018923323036,
      0.194962147187845,
      0.2297431070190632,
      0.24260032712774243,
      0.29263820977495886,
      0.2966809733441233,
      0.299169307718277,
      0.3026788062843542,
      0.31003995689961517,
      0.3181795787174072,
      0.334306045917745,
      0.33586455836221657,
      0.3837872258857073,
      0.3909158661251285,
      0.4036613361961573,
      0.40710664692608406,
      0.46033668419862867,
      0.4640904719760767,
      0.4730989555639109,
      0.493425725631146,
      0.5094272424013645,
      0.5527849229765209,
      0.5857682605885621,
      0.6058898831382737,
      0.6092421252311575,
      0.6213796743338881,
      0.6283983113703452,
      0.6576811421526746,
      0.6592481423354744,
      0.6760528676054484,
      0.7498968222025795,
      0.8214518484074964,
      0.8306717942926454,
      0.9847380131902915,
      0.9897450551537811,
      1.0601904695847388,
      1.0761395479862816,
      1.1378912433781254,
      1.1393861763314748,
      1.2015207604681422,
      1.2405715005372546,
      1.2474400920147564,
      1.3145576599981545,
      1.3449974604819275,
      1.3951556569819914,
      1.8160319366366657,
      1.8335372211772654,
      1.849288767114445,
      1.8497457653081597,
      1.85896625005078,
      1.8639231664685991,
      1.9133448411841973,
      1.9142559780273645,
      1.9226483235576173,
      1.9320252513254614,
      1.9703719192349318,
      1.9710345823587678,
      1.9745608371812553,
      1.9813065800771519,
      1.9876028971562134,
      1.990887506142653,
      1.9979991650765632,
      2.0111653820932758,
      2.021822066702248,
      2.0388252218326817,
      2.052501970889255,
      2.0861243439789394,
      2.0970368653354297,
      2.16342918043988,
      2.1675416152280924,
      2.1720049864784614,
      2.1840153897590646,
      2.215815663673798,
      2.2340000749434594,
      2.2555019597619577,
      2.2755985808914128,
      2.280237487154789,
      2.343658260159783,
      2.3556850776026157,
      2.4304042768331584,
      2.4615914845321925,
      3.2192866595646805,
      3.5727579094221475,
      4.0047092575431265,
      4.0621012583274005,
      4.065711667707812,
      4.08305876305576,
      4.098182835703419,
      4.123368595073151,
      4.149479615291954,
      4.2143986591412315,
      4.220590225836444,
      4.25457019186141,
      4.575116583126449,
      4.575522268766604,
      4.598721197145029,
      4.6021107837682935,
      4.602819126427632,
      4.6036949924675135,
      4.606267511286569,
      4.61753574002487,
      4.617663794581113,
      4.628316132210019,
      4.635420706124156,
      4.636623729034651,
      4.6540265925458355,
      4.6628985542884145,
      9.540559736801496,
      9.560802265695656,
      9.612918387954783,
      9.61437151465161,
      9.632497228927226,
      9.671222518249149,
      18.956799897917158,
      19.01662608728075
    ],
    "n_core": 40,
    "ncas_occ_base": 40
  }
}