{
  "h_diag": {
    "0": -0.9136485955852591,
    "1": -0.9090365550177543,
    "2": -1.0148326186519638,
    "3": -1.0080473625581556
  },
  "h_hop": {
    "(0,1)": 2.9761498108341195e-12,
    "(0,2)": -3.3139321326242505e-09,
    "(0,3)": 4.191464242938228e-09,
    "(1,2)": 3.287552911559231e-09,
    "(1,3)": -3.4911972542373936e-09,
    "(2,3)": -9.88741042575935e-07
  },
  "g_full": {
    "(0,0,0,0)": 0.285650268788171,
    "(0,0,1,1)": 0.2868749223005093,
    "(0,0,2,2)": 0.19408413026192434,
    "(0,0,3,3)": 0.1939363964432803,
    "(0,1,0,1)": 0.17036546069332642,
    "(0,2,0,2)": 0.0005114098405338213,
    "(0,2,0,3)": 1.3103013275577672e-08,
    "(0,3,0,3)": 0.0002636223692020219,
    "(1,1,1,1)": 0.28825424056122945,
    "(1,1,2,2)": 0.19726022607616017,
    "(1,1,2,3)": 2.1145018798407467e-08,
    "(1,1,3,3)": 0.19720168835251248,
    "(1,2,1,2)": 0.0004344376105466538,
    "(1,3,1,3)": 0.0003407479707090893,
    "(2,2,2,2)": 0.5082685455222321,
    "(2,2,2,3)": -3.098541763590923e-05,
    "(2,2,3,3)": 0.5137290136005626,
    "(2,3,2,3)": 0.3238152739703146,
    "(2,3,3,3)": 2.9833055222770744e-05,
    "(3,3,3,3)": 0.5193644374895259
  },
  "ecore_Ha": -3316.9186832216187,
  "rohf_energy_Ha": -3319.6768929288546,
  "exact_fci_energy_Ha": -3319.6768929288514,
  "circuit_reference_energy_Ha": -3319.6768929288514,
  "active_space_corr_energy_Ha": 1.8189894035458565e-12,
  "active_space_corr_label": "E_CASCI - E_ROHF",
  "mqe_step": {
    "step_n": 2,
    "nu_n": 2,
    "A_n": [
      2
    ],
    "P_n": [
      3
    ],
    "B_n": [
      0
    ],
    "A_n_eject": [],
    "P_n_eject": [],
    "B_n_decouple": [],
    "nu_decouple_n": 0,
    "Gamma_n_abs": [],
    "Gamma_n_emit": [],
    "phi_photon_n": 0.0,
    "is_crossing": false,
    "delta_CI_Ha": null,
    "crossing_orbitals": null,
    "geometry_label": "Fe2S2 E2: Fe-S=2.288 Ang",
    "bondlength_angstrom": 2.288,
    "cumulative_electrons": 3,
    "phase_index_k": 2,
    "cumulative_net_electrons": 3,
    "cumulative_photons_absorbed": 0,
    "cumulative_photons_emitted": 0,
    "cumulative_net_photons": 0,
    "mechanism": "nitrogenase_lt",
    "M_total": 8,
    "m_modulus": 4,
    "phase_closure_check": "k^(2) = 2  (mod 4) | photons: 0"
  },
  "metadata": {
    "mol_name": "nitrogenase_lt_step2",
    "basis": {
      "Fe": "def2-TZVP",
      "S": "def2-TZVP"
    },
    "bondlength_angstrom": 2.288,
    "coord_unit_pyscf": "Angstrom",
    "geometry_source": "mqe_analytical",
    "geometry_optimized": false,
    "integral_convention": "chemist (pq|rs)",
    "eri_symmetry": "8-fold real",
    "screening_threshold": 1e-08,
    "dt_ref_Ha_inv": 0.04,
    "scf_method": "ROHF",
    "ref_method": "FCI",
    "ncas": 4,
    "nao_total": 164,
    "nelec_active": 4,
    "nalpha": 2,
    "nbeta": 2,
    "spin_2S": 4,
    "spin_sector": "S=2",
    "fermion_mapping": "Native_d4_Tetralemmatic",
    "photon_absorbed": false,
    "photon_emitted": false,
    "phi_photon_n": 0.0,
    "photon_energy_Ha": 0.0,
    "photon_energy_eV": 0.0,
    "cumulative_net_photons": 0,
    "photo_charge_delta": 0,
    "mqe_mechanism": "nitrogenase_lt",
    "mqe_M_steps": 8,
    "mqe_m_modulus": 4,
    "mqe_S_target": 1.5,
    "mqe_step_index": 2,
    "mqe_phase_closure_satisfied": null,
    "mqe_expected_electrons": 8,
    "noons_active": [
      1.0000000000000004,
      1.0000000000000004,
      1.0000000000000004,
      1.0000000000000004
    ],
    "mo_energies_rohf": [
      -261.22806916065264,
      -261.2280642529485,
      -91.92878961620295,
      -91.92878922395421,
      -31.766712092910403,
      -31.766703934062342,
      -27.255186889810556,
      -27.255180119683313,
      -27.25375859255827,
      -27.25375467775099,
      -27.240027264247903,
      -27.240020265924958,
      -8.93082367399714,
      -8.930822640148593,
      -6.611545755781921,
      -6.611545124735122,
      -6.610022687380765,
      -6.610019846022989,
      -6.60992217631618,
      -6.609922135397672,
      -4.001097062714577,
      -4.000803077902494,
      -2.5955793169141033,
      -2.593378464900547,
      -2.5931869329523023,
      -2.5924372705230856,
      -2.5819472723222727,
      -2.581744431394327,
      -0.8447556700575173,
      -0.8410428906984366,
      -0.4546639883871729,
      -0.4376996333217908,
      -0.41307007205916335,
      -0.40436799738268725,
      -0.3943197097979349,
      -0.39354664940266293,
      -0.3842019352381158,
      -0.3616663753222977,
      -0.35502459120097896,
      -0.3374567878145891,
      -0.18149867690459276,
      -0.16914346710911043,
      -0.018010319821579517,
      -0.005719134430705368,
      0.03495068318654765,
      0.044287679377171665,
      0.1785284191674785,
      0.18265347196319734,
      0.18561331257464989,
      0.18819022583519227,
      0.19583469565967532,
      0.2307352646384496,
      0.24521417569929363,
      0.29305845386082163,
      0.29665526860777514,
      0.2995775687493527,
      0.30322735963469366,
      0.312745291434859,
      0.3204320937571271,
      0.3338695357220194,
      0.3370806417761446,
      0.3841827884649923,
      0.3909983914635325,
      0.40493232510500665,
      0.40698240592166307,
      0.45901840123946286,
      0.46329251620210843,
      0.4726423225560882,
      0.4938163870727408,
      0.5135513105882339,
      0.5548974914867522,
      0.5866362591125736,
      0.6066856730730734,
      0.6109205840534746,
      0.6203267516994723,
      0.6310251756130303,
      0.6587716127758454,
      0.6630084162064322,
      0.6747377160542742,
      0.7529301263174233,
      0.8272610640771346,
      0.8364921493534051,
      0.9926718809522341,
      0.995324253602408,
      1.0617453181229277,
      1.0772990685879251,
      1.1394935311107388,
      1.1405007325286043,
      1.2028263212145163,
      1.2426192877376792,
      1.2540405643044594,
      1.3271731377084919,
      1.3517233900831513,
      1.3954446056502583,
      1.8166392557582127,
      1.8337373339166483,
      1.8499623176140383,
      1.852317643080799,
      1.8602331811815118,
      1.8636018587841148,
      1.9123576447791253,
      1.9150386085331106,
      1.9242950897521982,
      1.9321731562833486,
      1.9702162253326856,
      1.9705082998576458,
      1.9741638762686278,
      1.9836141261969906,
      1.9889988748777057,
      1.9951956201079217,
      1.9990338704355695,
      2.0144903438899613,
      2.0259632761176216,
      2.044360843467957,
      2.044828101420108,
      2.0895850580821507,
      2.096430367283848,
      2.1641707710911477,
      2.1684711835416337,
      2.1699030410764486,
      2.183130398205683,
      2.222887490624964,
      2.234943762468784,
      2.267477867939629,
      2.284405304831477,
      2.301917498551788,
      2.358044244529218,
      2.36297480907932,
      2.435719784767966,
      2.4499856437389522,
      3.2219594837999015,
      3.5821053416813164,
      4.0072773795139,
      4.065312554030922,
      4.069634107465279,
      4.084948093122579,
      4.101344040117725,
      4.124420113519477,
      4.151147973379217,
      4.221476023887552,
      4.225167636383224,
      4.25808307783087,
      4.5766160003461565,
      4.577136552695945,
      4.600699958564769,
      4.60379575378173,
      4.604365380030188,
      4.605299949401055,
      4.608296428387268,
      4.619214060032973,
      4.619270503328568,
      4.632984843003684,
      4.639699985224468,
      4.641884593196551,
      4.660010430831775,
      4.664830049611495,
      9.540246565527536,
      9.56146696434903,
      9.615829467178612,
      9.616550050765948,
      9.636366754085712,
      9.681413056840045,
      18.973076640421482,
      19.039906621670546
    ],
    "n_core": 40,
    "ncas_occ_base": 40
  }
}