{
  "h_diag": {
    "0": -0.910851359314716,
    "1": -0.9063691425987509,
    "2": -1.0136667803405262,
    "3": -1.0068494728265902
  },
  "h_hop": {
    "(0,1)": 2.411634802516809e-12,
    "(0,2)": -2.871243091848725e-09,
    "(0,3)": -3.63804286323022e-09,
    "(1,2)": 2.728607642326438e-09,
    "(1,3)": 2.882305410935955e-09,
    "(2,3)": -1.2513225516776889e-08
  },
  "g_full": {
    "(0,0,0,0)": 0.285463772050499,
    "(0,0,1,1)": 0.286669460112101,
    "(0,0,2,2)": 0.19315101392669443,
    "(0,0,3,3)": 0.19299893307586435,
    "(0,1,0,1)": 0.17095007254338576,
    "(0,2,0,2)": 0.0004910655280899588,
    "(0,3,0,3)": 0.0002520217800496892,
    "(1,1,1,1)": 0.2880195244467765,
    "(1,1,2,2)": 0.19619059788056714,
    "(1,1,3,3)": 0.1961234051448978,
    "(1,2,1,2)": 0.00041748333246871983,
    "(1,3,1,3)": 0.0003261626406887776,
    "(2,2,2,2)": 0.5085478057423984,
    "(2,2,2,3)": -8.864125656538047e-07,
    "(2,2,3,3)": 0.5139526829515416,
    "(2,3,2,3)": 0.3240250620604557,
    "(2,3,3,3)": 6.396297066654788e-07,
    "(3,3,3,3)": 0.5195301113501412
  },
  "ecore_Ha": -3316.920174305901,
  "rohf_energy_Ha": -3319.6752868357753,
  "exact_fci_energy_Ha": -3319.6752868357753,
  "circuit_reference_energy_Ha": -3319.6752868357753,
  "active_space_corr_energy_Ha": 4.547473508864641e-13,
  "active_space_corr_label": "E_CASCI - E_ROHF",
  "mqe_step": {
    "step_n": 3,
    "nu_n": 2,
    "A_n": [
      3
    ],
    "P_n": [
      0
    ],
    "B_n": [
      1
    ],
    "A_n_eject": [],
    "P_n_eject": [],
    "B_n_decouple": [],
    "nu_decouple_n": 0,
    "Gamma_n_abs": [],
    "Gamma_n_emit": [],
    "phi_photon_n": 0.0,
    "is_crossing": false,
    "delta_CI_Ha": null,
    "crossing_orbitals": null,
    "geometry_label": "Fe2S2 E3: Fe-S=2.302 Ang",
    "bondlength_angstrom": 2.3019999999999996,
    "cumulative_electrons": 4,
    "phase_index_k": 0,
    "cumulative_net_electrons": 4,
    "cumulative_photons_absorbed": 0,
    "cumulative_photons_emitted": 0,
    "cumulative_net_photons": 0,
    "mechanism": "nitrogenase_lt",
    "M_total": 8,
    "m_modulus": 4,
    "phase_closure_check": "k^(3) = 0  (mod 4) | photons: 0"
  },
  "metadata": {
    "mol_name": "nitrogenase_lt_step3",
    "basis": {
      "Fe": "def2-TZVP",
      "S": "def2-TZVP"
    },
    "bondlength_angstrom": 2.3019999999999996,
    "coord_unit_pyscf": "Angstrom",
    "geometry_source": "mqe_analytical",
    "geometry_optimized": false,
    "integral_convention": "chemist (pq|rs)",
    "eri_symmetry": "8-fold real",
    "screening_threshold": 1e-08,
    "dt_ref_Ha_inv": 0.04,
    "scf_method": "ROHF",
    "ref_method": "FCI",
    "ncas": 4,
    "nao_total": 164,
    "nelec_active": 4,
    "nalpha": 2,
    "nbeta": 2,
    "spin_2S": 4,
    "spin_sector": "S=2",
    "fermion_mapping": "Native_d4_Tetralemmatic",
    "photon_absorbed": false,
    "photon_emitted": false,
    "phi_photon_n": 0.0,
    "photon_energy_Ha": 0.0,
    "photon_energy_eV": 0.0,
    "cumulative_net_photons": 0,
    "photo_charge_delta": 0,
    "mqe_mechanism": "nitrogenase_lt",
    "mqe_M_steps": 8,
    "mqe_m_modulus": 4,
    "mqe_S_target": 1.5,
    "mqe_step_index": 3,
    "mqe_phase_closure_satisfied": null,
    "mqe_expected_electrons": 8,
    "noons_active": [
      0.9999999999999996,
      0.9999999999999994,
      0.9999999999999996,
      0.9999999999999996
    ],
    "mo_energies_rohf": [
      -261.2287147045808,
      -261.22871089283353,
      -91.92880439137379,
      -91.92880402351305,
      -31.767232465603673,
      -31.767224827560984,
      -27.25573782137921,
      -27.25573158788739,
      -27.254311189257614,
      -27.254308341438918,
      -27.240542081871407,
      -27.240535658697695,
      -8.930765681855037,
      -8.93076467906292,
      -6.611482666890153,
      -6.611482060067894,
      -6.609958738404894,
      -6.6099560127698185,
      -6.609854787038363,
      -6.60985475120523,
      -4.001670636019741,
      -4.001376956843112,
      -2.596216733336053,
      -2.593964334995491,
      -2.5937785198974175,
      -2.5930754016307622,
      -2.5825599672203357,
      -2.5823566971228513,
      -0.8440697660885425,
      -0.8404983156821937,
      -0.4552718519772538,
      -0.4374903987710435,
      -0.4136393452833712,
      -0.4049119711838912,
      -0.39510908577420456,
      -0.3927431437758512,
      -0.38491609183816716,
      -0.361083698384051,
      -0.3544300061558515,
      -0.3376231876032076,
      -0.1811469030200466,
      -0.16922311448941038,
      -0.018567620570752442,
      -0.006317846346185508,
      0.03447461091470932,
      0.04354578564117688,
      0.17846614231900715,
      0.18081842820130448,
      0.18540209376544933,
      0.1871177343088887,
      0.19541235137087862,
      0.23023918952676603,
      0.2438742851501476,
      0.2928517614852868,
      0.2966677582067985,
      0.29937767490587647,
      0.3029542969361088,
      0.311420842487647,
      0.3193083735591953,
      0.3340912875062613,
      0.33647676020698236,
      0.3839800485805042,
      0.390957930325124,
      0.404309564160217,
      0.40705243686991777,
      0.4596681006144848,
      0.46369527435694863,
      0.472867928374357,
      0.4935977483445913,
      0.511470763141221,
      0.5538323306730639,
      0.5861715076719207,
      0.6062801388529744,
      0.6100665830489027,
      0.6208511464252159,
      0.6297046399485458,
      0.6582302893418951,
      0.6611105244909663,
      0.675402411197034,
      0.7514469671903115,
      0.8243671208597204,
      0.8335587441102658,
      0.9886736950491728,
      0.9925272622599052,
      1.0609588251602406,
      1.0767113215380606,
      1.1391699637385744,
      1.1394294292050484,
      1.2021783287731367,
      1.2415984657052495,
      1.250739839028022,
      1.3208297096032702,
      1.3483156750791565,
      1.3953216508576958,
      1.8163306519629216,
      1.8336347010691405,
      1.8496226785499335,
      1.851032570069478,
      1.8595934840005746,
      1.8637770513089176,
      1.9133226317626693,
      1.914185262070374,
      1.9234661942721645,
      1.9320941865378727,
      1.9703139824988878,
      1.970764268587049,
      1.9743587702391865,
      1.9824198542378226,
      1.9882663466657986,
      1.9929460705313264,
      1.9985088461517628,
      2.0128195714098567,
      2.023846333263105,
      2.0419190006983747,
      2.048485523597097,
      2.087712184735746,
      2.0967541421671605,
      2.1637836114454916,
      2.1680090523439706,
      2.171014286536803,
      2.1836866730697,
      2.2194035461983335,
      2.23450938909935,
      2.261860294171562,
      2.2818526819245855,
      2.2886050455973392,
      2.3537293656257168,
      2.3566930611442127,
      2.4327170546839056,
      2.4559702006045647,
      3.2206978727589153,
      3.5775388167188904,
      4.005991816189519,
      4.063703513494868,
      4.067682491657955,
      4.0840096241472335,
      4.099773014491495,
      4.123910349735436,
      4.150330355942497,
      4.2180470715488365,
      4.222980703536868,
      4.256429533856963,
      4.57587438575539,
      4.576337940124499,
      4.59972244472975,
      4.602957011273551,
      4.603602677228053,
      4.604503339390752,
      4.607281617262741,
      4.618379324947183,
      4.618472662883832,
      4.630596327729886,
      4.637525150896205,
      4.639196460471236,
      4.6569840081082186,
      4.663858776047379,
      9.540399999116604,
      9.561124035973423,
      9.614348441997901,
      9.615426376944628,
      9.634403432318578,
      9.676270795063868,
      18.9648940415978,
      19.028393137303006
    ],
    "n_core": 40,
    "ncas_occ_base": 40
  }
}