{
  "h_diag": {
    "0": -0.8999025852159638,
    "1": -0.8959069215195609,
    "2": -1.0094498040944162,
    "3": -1.0025079162621626
  },
  "h_hop": {
    "(0,1)": 1.3584693840852785e-12,
    "(0,2)": -1.6910017468473092e-09,
    "(0,3)": 2.17469667105351e-09,
    "(1,2)": 1.355673334680529e-09,
    "(1,3)": -1.437672607380228e-09,
    "(2,3)": -1.8209204408581435e-07
  },
  "g_full": {
    "(0,0,0,0)": 0.2846921774115883,
    "(0,0,1,1)": 0.2858240589316746,
    "(0,0,2,2)": 0.18953758013183314,
    "(0,0,3,3)": 0.18936994346095332,
    "(0,1,0,1)": 0.17313591455094743,
    "(0,2,0,2)": 0.00041783769584799994,
    "(0,3,0,3)": 0.0002107823765559266,
    "(1,1,1,1)": 0.2870654846781981,
    "(1,1,2,2)": 0.19207731530952116,
    "(1,1,3,3)": 0.1919792632376805,
    "(1,2,1,2)": 0.00035622670720922577,
    "(1,3,1,3)": 0.00027382069386331704,
    "(2,2,2,2)": 0.5096373529625313,
    "(2,2,2,3)": -5.369021916418193e-06,
    "(2,2,3,3)": 0.5148353631481155,
    "(2,3,2,3)": 0.3248478607584452,
    "(2,3,3,3)": 5.287972995510204e-06,
    "(3,3,3,3)": 0.5201977604103907
  },
  "ecore_Ha": -3316.9250524082813,
  "rohf_energy_Ha": -3319.6684385539425,
  "exact_fci_energy_Ha": -3319.6684385539365,
  "circuit_reference_energy_Ha": -3319.6684385539365,
  "active_space_corr_energy_Ha": 6.366462912410498e-12,
  "active_space_corr_label": "E_CASCI - E_ROHF",
  "mqe_step": {
    "step_n": 7,
    "nu_n": 2,
    "A_n": [
      3
    ],
    "P_n": [
      0
    ],
    "B_n": [
      1
    ],
    "A_n_eject": [],
    "P_n_eject": [],
    "B_n_decouple": [],
    "nu_decouple_n": 0,
    "Gamma_n_abs": [],
    "Gamma_n_emit": [],
    "phi_photon_n": 0.0,
    "is_crossing": false,
    "delta_CI_Ha": null,
    "crossing_orbitals": null,
    "geometry_label": "Fe2S2 E7: Fe-S=2.358 Ang",
    "bondlength_angstrom": 2.3579999999999997,
    "cumulative_electrons": 8,
    "phase_index_k": 0,
    "cumulative_net_electrons": 8,
    "cumulative_photons_absorbed": 0,
    "cumulative_photons_emitted": 0,
    "cumulative_net_photons": 0,
    "mechanism": "nitrogenase_lt",
    "M_total": 8,
    "m_modulus": 4,
    "phase_closure_check": "k^(7) = 0  (mod 4) | photons: 0"
  },
  "metadata": {
    "mol_name": "nitrogenase_lt_step7",
    "basis": {
      "Fe": "def2-TZVP",
      "S": "def2-TZVP"
    },
    "bondlength_angstrom": 2.3579999999999997,
    "coord_unit_pyscf": "Angstrom",
    "geometry_source": "mqe_analytical",
    "geometry_optimized": false,
    "integral_convention": "chemist (pq|rs)",
    "eri_symmetry": "8-fold real",
    "screening_threshold": 1e-08,
    "dt_ref_Ha_inv": 0.04,
    "scf_method": "ROHF",
    "ref_method": "FCI",
    "ncas": 4,
    "nao_total": 164,
    "nelec_active": 4,
    "nalpha": 2,
    "nbeta": 2,
    "spin_2S": 4,
    "spin_sector": "S=2",
    "fermion_mapping": "Native_d4_Tetralemmatic",
    "photon_absorbed": false,
    "photon_emitted": false,
    "phi_photon_n": 0.0,
    "photon_energy_Ha": 0.0,
    "photon_energy_eV": 0.0,
    "cumulative_net_photons": 0,
    "photo_charge_delta": 0,
    "mqe_mechanism": "nitrogenase_lt",
    "mqe_M_steps": 8,
    "mqe_m_modulus": 4,
    "mqe_S_target": 1.5,
    "mqe_step_index": 7,
    "mqe_phase_closure_satisfied": true,
    "mqe_expected_electrons": 8,
    "noons_active": [
      1.0000000000000004,
      1.0000000000000004,
      1.0000000000000002,
      1.0000000000000004
    ],
    "mo_energies_rohf": [
      -261.2314771085305,
      -261.2314734288881,
      -91.92875229776763,
      -91.92875205266007,
      -31.76952276433552,
      -31.76951538838852,
      -27.25814273728621,
      -27.25813635291707,
      -27.256726510511953,
      -27.25672351695559,
      -27.24280989355492,
      -27.24280351955607,
      -8.930443705377622,
      -8.930442814635907,
      -6.611139523321274,
      -6.611139006201547,
      -6.609614759953645,
      -6.609612514250976,
      -6.609495892473463,
      -6.609495876866202,
      -4.00416545921167,
      -4.003872816250161,
      -2.5989582231539914,
      -2.596511621169841,
      -2.5963467155435787,
      -2.5958184671238205,
      -2.585197657787211,
      -2.584993044537638,
      -0.8413891864740125,
      -0.8383304746010176,
      -0.45798593508126473,
      -0.43706250069135066,
      -0.41614233634873865,
      -0.4073151531270812,
      -0.39839527513137296,
      -0.3894059881660066,
      -0.38792111699852594,
      -0.35866547789096503,
      -0.35208859824396116,
      -0.33812660121954496,
      -0.17970742027598494,
      -0.16937682901893714,
      -0.020993573582943365,
      -0.008897346205897726,
      0.032393137443351844,
      0.04055713783212484,
      0.1731413727367755,
      0.1781496075475855,
      0.18287770569216583,
      0.18445682133929903,
      0.19345825814326678,
      0.22825505902900142,
      0.23914140054865127,
      0.29195900751205506,
      0.2967222249082817,
      0.29849424478974157,
      0.3018379133916183,
      0.3055648769889257,
      0.3147676585352125,
      0.3339778878497922,
      0.3349037884229633,
      0.3832751027499312,
      0.3907799724890007,
      0.4015826106938176,
      0.40717422603268305,
      0.46244245838881604,
      0.4652238105601148,
      0.47381965162846673,
      0.49317680007199627,
      0.5035842670816852,
      0.5497472396255425,
      0.5848941473578222,
      0.6048068264945657,
      0.6069415669143915,
      0.622953751043959,
      0.6245654312295043,
      0.6538753460192736,
      0.6559866224127592,
      0.6778915518075372,
      0.7448420884213434,
      0.8125985986241712,
      0.8222954932695813,
      0.9733143133026545,
      0.9814801540114926,
      1.0579809587720073,
      1.074505742878321,
      1.1343753676088006,
      1.1393560691455809,
      1.1994939748206797,
      1.2374279998073927,
      1.2376016336250824,
      1.2962088972906685,
      1.3355670722106119,
      1.39442334386883,
      1.8151963580073875,
      1.8332738444829264,
      1.8458961088083121,
      1.848310895486569,
      1.8571562044708705,
      1.8641852899521798,
      1.9109301995021364,
      1.9168353396688222,
      1.920261769968701,
      1.9318652948656772,
      1.970221691832641,
      1.971909999005729,
      1.9752062995943849,
      1.9784334099265268,
      1.9858992879199149,
      1.9859872390574724,
      1.9966010957373816,
      2.0063441192646034,
      2.01630487815428,
      2.0293097228426658,
      2.063957265545554,
      2.0820556925443414,
      2.0976289064432767,
      2.1625446053940833,
      2.166111048146066,
      2.174255247772948,
      2.183150229572961,
      2.2050253964755235,
      2.2320491242236864,
      2.2363476582277526,
      2.2385268838282144,
      2.2772173198231016,
      2.3105990410025434,
      2.3541592438097787,
      2.425729054727647,
      2.4762107964015847,
      3.214176921919842,
      3.5572923672234094,
      4.000896088237386,
      4.057370672603703,
      4.059735767805451,
      4.080149062752106,
      4.093371944854283,
      4.121549651241194,
      4.146675567585149,
      4.202321589800524,
      4.21230711303998,
      4.247844083668374,
      4.572759352252998,
      4.572988877790583,
      4.595607233167111,
      4.599503238355277,
      4.600357730155416,
      4.601208309019952,
      4.603233331414856,
      4.614959533106869,
      4.615180232638018,
      4.6220869711019406,
      4.629517722001862,
      4.629585479867303,
      4.645577947355328,
      4.660039076057947,
      9.541068161751687,
      9.559958083677909,
      9.608912487830125,
      9.611539293382064,
      9.627115190906457,
      9.656760835755293,
      18.933036582254,
      18.98004963551426
    ],
    "n_core": 40,
    "ncas_occ_base": 40
  }
}