{
  "h_diag": {
    "0": -0.9026046385566967,
    "1": -0.898491958208843,
    "2": -1.0104396005680805,
    "3": -1.0035288810137017
  },
  "h_hop": {
    "(0,1)": 1.6184041258669164e-12,
    "(0,2)": -1.9280387222696475e-09,
    "(0,3)": -2.4669011230274242e-09,
    "(1,2)": 1.6149087426849306e-09,
    "(1,3)": 1.7077365240265543e-09,
    "(2,3)": -5.921946587468749e-08
  },
  "g_full": {
    "(0,0,0,0)": 0.28488838951901535,
    "(0,0,1,1)": 0.2860384996132292,
    "(0,0,2,2)": 0.19042389566613588,
    "(0,0,3,3)": 0.19026005784559438,
    "(0,1,0,1)": 0.17261114397584676,
    "(0,2,0,2)": 0.00043498851670001733,
    "(0,3,0,3)": 0.00022036715938585826,
    "(1,1,1,1)": 0.2873059940472321,
    "(1,1,2,2)": 0.19308176029161145,
    "(1,1,3,3)": 0.19299107738170113,
    "(1,2,1,2)": 0.0003706036408364092,
    "(1,3,1,3)": 0.000286059629778839,
    "(2,2,2,2)": 0.5093693820150169,
    "(2,2,2,3)": -1.3675495838527674e-06,
    "(2,2,3,3)": 0.5146179003151123,
    "(2,3,2,3)": 0.3246458576978535,
    "(2,3,3,3)": 1.4716501477857191e-06,
    "(3,3,3,3)": 0.5200326879790287
  },
  "ecore_Ha": -3316.923989419145,
  "rohf_energy_Ha": -3319.670210326998,
  "exact_fci_energy_Ha": -3319.6702103269995,
  "circuit_reference_energy_Ha": -3319.6702103269995,
  "active_space_corr_energy_Ha": -9.094947017729282e-13,
  "active_space_corr_label": "E_CASCI - E_ROHF",
  "mqe_step": {
    "step_n": 6,
    "nu_n": 2,
    "A_n": [
      2
    ],
    "P_n": [
      3
    ],
    "B_n": [
      0
    ],
    "A_n_eject": [],
    "P_n_eject": [],
    "B_n_decouple": [],
    "nu_decouple_n": 0,
    "Gamma_n_abs": [],
    "Gamma_n_emit": [],
    "phi_photon_n": 0.0,
    "is_crossing": false,
    "delta_CI_Ha": null,
    "crossing_orbitals": null,
    "geometry_label": "Fe2S2 E6: Fe-S=2.344 Ang",
    "bondlength_angstrom": 2.344,
    "cumulative_electrons": 7,
    "phase_index_k": 2,
    "cumulative_net_electrons": 7,
    "cumulative_photons_absorbed": 0,
    "cumulative_photons_emitted": 0,
    "cumulative_net_photons": 0,
    "mechanism": "nitrogenase_lt",
    "M_total": 8,
    "m_modulus": 4,
    "phase_closure_check": "k^(6) = 2  (mod 4) | photons: 0"
  },
  "metadata": {
    "mol_name": "nitrogenase_lt_step6",
    "basis": {
      "Fe": "def2-TZVP",
      "S": "def2-TZVP"
    },
    "bondlength_angstrom": 2.344,
    "coord_unit_pyscf": "Angstrom",
    "geometry_source": "mqe_analytical",
    "geometry_optimized": false,
    "integral_convention": "chemist (pq|rs)",
    "eri_symmetry": "8-fold real",
    "screening_threshold": 1e-08,
    "dt_ref_Ha_inv": 0.04,
    "scf_method": "ROHF",
    "ref_method": "FCI",
    "ncas": 4,
    "nao_total": 164,
    "nelec_active": 4,
    "nalpha": 2,
    "nbeta": 2,
    "spin_2S": 4,
    "spin_sector": "S=2",
    "fermion_mapping": "Native_d4_Tetralemmatic",
    "photon_absorbed": false,
    "photon_emitted": false,
    "phi_photon_n": 0.0,
    "photon_energy_Ha": 0.0,
    "photon_energy_eV": 0.0,
    "cumulative_net_photons": 0,
    "photo_charge_delta": 0,
    "mqe_mechanism": "nitrogenase_lt",
    "mqe_M_steps": 8,
    "mqe_m_modulus": 4,
    "mqe_S_target": 1.5,
    "mqe_step_index": 6,
    "mqe_phase_closure_satisfied": null,
    "mqe_expected_electrons": 8,
    "noons_active": [
      1.0,
      1.0,
      1.0,
      1.0
    ],
    "mo_energies_rohf": [
      -261.2307617572567,
      -261.2307580774093,
      -91.9287811219794,
      -91.92878084275425,
      -31.76892104831332,
      -31.768913619211865,
      -27.25751343947994,
      -27.25750710685946,
      -27.256094325643726,
      -27.256091395066775,
      -27.242213919048957,
      -27.24220754837452,
      -8.930536960318223,
      -8.930536043239865,
      -6.611238168619039,
      -6.611237630182881,
      -6.609713249915271,
      -6.609710883203306,
      -6.609598272501534,
      -6.6095982519507634,
      -4.003513442465924,
      -4.003220565300841,
      -2.5982458276509015,
      -2.595846020330372,
      -2.5956761653980163,
      -2.5951058558622377,
      -2.5845118623106336,
      -2.5843075311933617,
      -0.8420499131663847,
      -0.8388704966871998,
      -0.4572688441189996,
      -0.43710918891269657,
      -0.41548456258539773,
      -0.40668221254415515,
      -0.3975556495630239,
      -0.3902559843192104,
      -0.38714866415307597,
      -0.3592822083990906,
      -0.35266833282257204,
      -0.3380257813792641,
      -0.1800714972364957,
      -0.1693618558835411,
      -0.02035914083027179,
      -0.008226479312158247,
      0.03294054620952482,
      0.041307244543770785,
      0.17510181717677228,
      0.17823900970334547,
      0.18393032898619155,
      0.1847077192753491,
      0.19398426544123448,
      0.2287511743227662,
      0.2402376558177163,
      0.2921919100748889,
      0.29670838408608124,
      0.29872746991356763,
      0.30212024404854665,
      0.30711149400021365,
      0.3159086653351729,
      0.33461583943275913,
      0.33471288835969626,
      0.3834346513886735,
      0.3908275609687072,
      0.40229628066908574,
      0.40716754769905106,
      0.4617250832293863,
      0.46485512443330734,
      0.4735750058369781,
      0.4932162678686076,
      0.5054779447832054,
      0.5507426020863377,
      0.5851328354773351,
      0.605153302008247,
      0.6076798159473256,
      0.6224337362988206,
      0.6258287124959309,
      0.6556301598222953,
      0.6565589966666346,
      0.6772997862252268,
      0.7465942049431895,
      0.815565635784278,
      0.8250394737083031,
      0.9770574020851817,
      0.9842225094046245,
      1.0587030768617551,
      1.0750391551188694,
      1.13549378904625,
      1.1393524635282293,
      1.2001786042529794,
      1.238489091060436,
      1.2408660481031732,
      1.3022439844277365,
      1.3386252251063802,
      1.3947049206176132,
      1.8154642646812071,
      1.8333566263996226,
      1.8471750581112483,
      1.848633527776235,
      1.8577475119583582,
      1.8641269850250075,
      1.9117150121573494,
      1.9160148352710555,
      1.921045888690792,
      1.9319119506009756,
      1.970334350014904,
      1.9716088780058585,
      1.9749846004414067,
      1.9793151764244408,
      1.9864668859927042,
      1.9873595915337798,
      1.9970416683184942,
      2.0079233346153162,
      2.018051350916762,
      2.032450879295808,
      2.060232598666559,
      2.0833797358555053,
      2.0974754570234437,
      2.1628111210270333,
      2.166592358454568,
      2.173632239624777,
      2.183813242694741,
      2.2085711712997167,
      2.2327680770876275,
      2.242493738658858,
      2.250542948571429,
      2.27809817458758,
      2.3219311771562765,
      2.3544706246885383,
      2.427050498323002,
      2.4717166273760967,
      3.2160247505904582,
      3.5626199925982114,
      4.002161072414038,
      4.058933332623037,
      4.061735055557161,
      4.081128052356685,
      4.094977142928117,
      4.122189709466623,
      4.147658607874133,
      4.206518744300691,
      4.215242808280741,
      4.250269252314878,
      4.573559213817227,
      4.573847610539346,
      4.596661802410974,
      4.600387441431741,
      4.601196553726366,
      4.602047965814362,
      4.60424434867367,
      4.615826420233411,
      4.6160180006904605,
      4.6240669556566765,
      4.631420194152159,
      4.631822810338752,
      4.648324123458265,
      4.6609928643383975,
      9.540894258384053,
      9.560219519615062,
      9.610201974670614,
      9.61243496180618,
      9.628853321884032,
      9.661456708806272,
      18.940871990952466,
      18.992429636312472
    ],
    "n_core": 40,
    "ncas_occ_base": 40
  }
}